MODEL,BEST_P,SIGNAL,ACC,PRE_C1,PRE_C2,REC_C1,REC_C2,F1_C1,F1_C2,AVERAGE F1
gradientboosting,256,all,0.6875,0.4544080977,0.8082777008,0.551187796,0.7408730348,0.4976459757,0.7726102235,0.6351280996
