MODEL,BEST_P,SIGNAL,ACC,PRE_C1,PRE_C2,REC_C1,REC_C2,F1_C1,F1_C2
extratrees,100,dscore,0.66539634146341464,0.31721172317800628,0.85889294114903503,0.5554164938773426,0.69358420249466879,0.40334004709272392,0.76694347007629171
